Peso (kg),Consumo Máximo de Oxígeno (ml/kg/min),Umbral de Lactato (mmol/L),Fibras Musculares Lentas (%),Fibras Musculares Rápidas (%),Índice de Masa Muscular (IMC),Sexo,Raza,Volumen Sistólico (ml),Frecuencia Cardíaca Basal (lat/min),Clasificación
74.96714153011233,37.391160456649544,4.926177547531641,51.547749470827995,48.452250529172005,19.93630154860786,Femenino,Asiático,81.13143058013961,56.65224667893459,Velocista
68.61735698828815,59.17861947054776,5.9094166404701305,54.226908658597964,45.773091341402036,25.12506934189806,Femenino,Africano,74.48938870609737,55.96351536758003,Velocista
76.47688538100692,71.22156197012633,2.6014324261808586,68.76183620736981,31.23816379263019,23.731402141313595,Masculino,Latinoamericano,89.52611934098198,50.44877420650647,Fondista
85.23029856408026,60.32465260551147,4.562969236690571,51.884868624927,48.115131375073,21.307764107789815,Femenino,Africano,93.42266795090279,64.23599065593461,Velocista
67.65846625276664,34.80630034045987,3.349357430878173,62.656185611875884,37.343814388124116,19.159086803987318,Masculino,Asiático,70.4800622359865,80.62524919243145,Velocista
67.6586304305082,45.15765927133749,3.5128746162353037,59.04201608796399,40.95798391203601,25.617371984840435,Masculino,Africano,58.69873194480725,49.32467085745727,Velocista
85.79212815507391,62.669111491866225,3.407606075761131,66.54684661450592,33.453153385494076,24.950603533875984,Masculino,Asiático,76.89958214408675,60.24219456672758,Fondista
77.67434729152909,42.92330534381219,3.136009230320184,77.47318957299032,22.52681042700968,22.70247240866185,Femenino,Africano,59.834269453718406,74.12220555415429,Velocista
65.30525614065049,54.43819428146229,4.048521627944827,69.30288388841001,30.69711611158999,28.539910988143,Femenino,Asiático,100.20080871289935,59.203586087542845,Velocista
75.42560043585965,57.74634053429337,3.1690498835889622,48.59761514363027,51.40238485636973,19.78974570102154,Masculino,Asiático,72.04802996624106,64.52371796249734,Velocista
65.36582307187538,40.730695284219166,4.2704568257798385,41.24732540245139,58.75267459754861,18.423424487225784,Masculino,Africano,64.52017673031837,49.376064718531204,Velocista
65.34270246429743,49.404746439382,3.949761890550863,50.490561771993,49.509438228007,20.924275790356266,Masculino,Latinoamericano,72.77020458797362,64.28307097207649,Velocista
72.41962271566034,17.58732659930927,3.7610519531335904,63.803117228010194,36.196882771989806,22.863241950933507,Masculino,Caucásico,49.793105657054554,58.12855734995451,Velocista
50.86719755342202,39.756123586657104,3.092436337958402,42.05703253937001,57.94296746062999,23.730018347968077,Masculino,Latinoamericano,55.42578942234023,69.85729995679863,Velocista
52.75082167486967,47.4743184860684,3.4232286694316674,59.85464988804945,40.14535011195055,22.27629182643101,Femenino,Africano,88.00620861916639,71.87386051564751,Velocista
64.37712470759027,37.52216818035151,4.755391225825756,63.87371395667557,36.12628604332443,24.05616618954289,Masculino,Latinoamericano,60.14658581542906,85.89563642018614,Velocista
59.87168879665576,66.32411303931636,4.500917187624381,53.369755632678434,46.630244367321566,19.24538172742867,Femenino,Asiático,54.296335259770906,65.79633173213576,Velocista
73.14247332595274,35.69858622039367,3.022444755201449,70.83648814983287,29.163511850167126,27.331293812219776,Masculino,Caucásico,78.04979128790929,63.257963165821664,Velocista
60.91975924478789,45.599555133030165,4.099332305429225,44.263930125350875,55.736069874649125,22.753546464822293,Femenino,Africano,87.78556231994496,61.94384301577336,Velocista
55.87696298664709,51.30740577286091,4.751387123371789,43.00551126943235,56.99448873056765,26.351887494764384,Femenino,Africano,80.784299659976,56.46833707189312,Velocista
84.65648768921554,64.41273289066116,2.3305947188786282,69.12755024814413,30.872449751855868,24.02817603913311,Femenino,Africano,84.94071528708724,63.38483843461691,Fondista
67.74223699513465,35.6413784882056,4.543360192379935,59.81965264824794,40.18034735175206,24.37025965746135,Femenino,Caucásico,58.64807367145809,57.04598589860971,Velocista
70.67528204687923,61.63163752154959,3.3373762410541534,67.53609585710944,32.463904142890556,24.70930184069661,Femenino,Asiático,48.67283999887235,61.68460976269614,Fondista
55.75251813786544,50.10233061019587,4.570598668593159,57.39309354414985,42.60690645585015,24.343125680051944,Femenino,Africano,92.5200047793323,73.17597535607959,Velocista
64.55617275474818,40.18491348952049,3.236740843457483,49.856081329564276,50.143918670435724,24.92816827960263,Masculino,Latinoamericano,65.15980241736797,49.934574347203586,Velocista
71.10922589709867,54.62103474263271,2.195117899335481,72.76409270696799,27.235907293032014,26.987457590397295,Femenino,Africano,66.23750475317429,71.39878561129045,Velocista
58.490064225776976,51.9905969557347,2.3724575621168373,71.97663515875917,28.023364841240834,23.589563509104412,Masculino,Africano,89.92291212773587,73.17115067339866,Velocista
73.75698018345672,43.99783122841205,4.048084946661382,67.78785883417707,32.21214116582293,25.127011272765536,Femenino,Africano,78.3434501410099,58.81931473008921,Velocista
63.99361310081195,50.69802084990019,4.259722501721482,50.8858054891985,49.1141945108015,22.73079291713832,Femenino,Africano,76.83831658122412,38.78145100991405,Velocista
67.08306250206724,46.1468640313824,3.095683374895591,63.609226674763484,36.390773325236516,27.32035164634842,Masculino,Asiático,102.47503517351626,53.921780129055676,Velocista
63.98293387770603,51.13517345251248,4.638592458777374,54.438955877601074,45.561044122398926,20.97082309382219,Femenino,Latinoamericano,60.347226544297854,72.96994546561109,Velocista
88.52278184508938,56.62130674521047,2.33847993773104,43.66328293306537,56.33671706693463,28.402821298732448,Masculino,Asiático,83.91760192121856,59.77131937701118,Velocista
69.86502775262066,65.86016816145352,3.9339202013526835,76.69254301848972,23.307456981510285,22.87952614806697,Masculino,Latinoamericano,70.85519687345626,50.00697767705089,Fondista
59.422890710440996,37.62184501173151,2.7889838002375433,45.472745236758456,54.527254763241544,18.707674693645856,Masculino,Africano,74.02888418294886,54.95225078771782,Velocista
78.22544912103189,71.33033374656267,3.348163892197841,78.0094941528321,21.990505847167896,23.38431324473237,Masculino,Caucásico,92.92702639618798,68.40620026504553,Fondista
57.791563500289776,30.479122004774982,4.047398671316414,57.84023091831823,42.15976908168177,20.95684502757536,Femenino,Asiático,77.61753634434436,65.4673356820138,Velocista
72.08863595004756,48.482149049644164,3.1395866347160477,47.405317153544786,52.594682846455214,25.521930646966172,Femenino,Caucásico,78.07444118574449,57.61067900830306,Velocista
50.403298761202244,55.883172064845766,3.6154444557701746,61.67603789513433,38.32396210486567,21.04212806209283,Masculino,Asiático,86.08761005964703,56.33175588185313,Fondista
56.71813951101569,52.809918677350325,5.0062928092144405,74.91783343505634,25.082166564943662,21.66144970035566,Femenino,Africano,64.52570905685673,56.08241850956178,Velocista
71.96861235869123,43.77300480179406,3.423108130476851,69.28899545638245,30.71100454361755,17.331377807163406,Femenino,Asiático,57.4118549899149,50.77589815501497,Velocista
77.3846657999541,47.918777496427246,4.835692112065142,72.262445914458,27.737554085542,21.64308104225277,Masculino,Africano,54.327862089684494,76.15375689469442,Velocista
71.7136828118997,45.06999065341167,2.870293145342382,66.35133466842869,33.64866533157131,15.72836202011313,Femenino,Asiático,40.50465115935997,56.7767953078866,Velocista
68.8435171761176,44.106352430557884,4.529804177915283,67.6910625807141,32.3089374192859,18.24829152954283,Masculino,Africano,100.84310694910484,72.17158520825497,Velocista
66.98896304410711,58.496020970210246,5.4415686206579,73.96782606261277,26.032173937387228,25.281243968432893,Masculino,Africano,53.451874514174754,75.21316051922452,Fondista
55.214780096325725,53.57015485965047,1.5283554998727107,49.986720354367435,50.013279645632565,25.357400475952495,Femenino,Latinoamericano,66.68119564621342,69.9831089814796,Velocista
62.801557916052914,43.070904047393455,3.203104744529523,59.576998545725615,40.423001454274385,24.276372685354893,Femenino,Africano,65.84780050166619,55.683796872819514,Velocista
65.39361229040213,58.995998754332504,4.57707212718054,48.84837767278409,51.15162232721591,20.09907157061236,Femenino,Latinoamericano,74.61110046713651,64.03730090336609,Velocista
80.57122226218915,53.072995208766095,3.7969546139570074,79.50672031986588,20.493279680134123,22.85686593157406,Masculino,Africano,82.23605818808946,59.758043936090836,Velocista
73.43618289568461,58.1286211883896,4.371145873371309,77.76237358746454,22.237626412535462,22.989192382728294,Masculino,Caucásico,82.90710232539618,50.96298139269872,Fondista
52.36959844637266,56.29628841923612,3.3960148132841796,41.57707245474023,58.42292754525977,19.52490593242237,Femenino,Africano,61.25383842146592,63.24359281721603,Velocista
73.24083969394795,41.710049890779274,4.0865897874729,68.22300690062754,31.77699309937246,27.510194905301454,Femenino,Caucásico,67.49317429320382,48.20960208840198,Velocista
66.14917719583684,44.39818959803031,3.8443227646079206,77.00993269662663,22.990067303373365,25.632086871727015,Femenino,Caucásico,74.2386992573245,71.87679388461564,Velocista
63.23077999694041,57.472936051232615,5.167782061659807,47.223013805093345,52.776986194906655,22.337107478511008,Femenino,Africano,66.26963310724679,55.35382702701607,Velocista
76.11676288840867,56.10370265433465,4.254420843301213,62.717809222105174,37.282190777894826,23.080657516983592,Masculino,Caucásico,94.1101836402999,62.01159655872839,Fondista
80.30999522495951,49.79098406035852,4.337602662075202,76.61953190352168,23.380468096478324,23.625148423842656,Femenino,Latinoamericano,77.36462427457377,62.83287871546142,Velocista
79.31280119116198,51.17327383308782,3.5881230338775327,41.35783914343195,58.64216085656805,16.87479539472713,Masculino,Asiático,81.02316679074727,57.410950262959226,Velocista
61.607824767773614,62.77664895788425,3.5123937759275066,67.8968106898736,32.103189310126396,22.25846785243821,Masculino,Africano,79.94321903001119,65.86693801475275,Fondista
66.90787624148786,44.0842861116417,3.567441812180379,51.89396029490203,48.10603970509797,20.954047256006604,Femenino,Caucásico,87.60210786227987,55.25096343377476,Velocista
73.31263431403563,55.470973811700375,4.394452142378297,76.97584781506121,23.024152184938785,19.995139970315254,Femenino,Africano,72.7153233805556,68.71297297457244,Fondista
79.75545127122359,47.97807347566106,3.579015519179737,78.84232980661471,21.157670193385286,22.156699121342136,Femenino,Latinoamericano,50.5475207806623,46.54020319753251,Velocista
65.2082576215471,47.8231879677278,4.289774856896413,77.77065956453735,22.229340435462646,28.393059580548567,Masculino,Africano,75.99531927628962,61.26379579546412,Velocista
68.14341023336183,60.9877685198719,6.075400798645439,58.96856866629855,41.03143133370145,24.92252858380103,Femenino,Africano,60.22964659312257,79.38928999058285,Velocista
58.93665025993972,58.2541634898803,4.8711247034316925,74.48170603957254,25.518293960427457,21.28646303065161,Femenino,Caucásico,62.07074977375365,49.99668675394425,Fondista
58.037933759193294,58.135096360006386,3.673976467832159,73.7819759414028,26.218024058597194,24.717748344068475,Masculino,Latinoamericano,78.7954602813264,53.222550294751485,Fondista
78.12525822394198,63.05478807154329,5.201213922163944,52.76401892973023,47.23598107026977,27.198066309758005,Femenino,Asiático,88.57424607150453,65.13907849658915,Velocista
83.56240028570824,50.21003841632759,3.5919246269784484,73.1566189660271,26.843381033972904,25.773901048738306,Masculino,Asiático,70.31907365104092,61.79581781939598,Velocista
69.27989878419666,56.81952971294964,1.9618754648221461,41.480305388619705,58.519694611380295,23.17889110976052,Femenino,Caucásico,74.63249518898445,63.50630099273559,Velocista
80.03532897892023,46.89733243406544,2.9919136890825957,63.85079513928212,36.14920486071788,21.059189666883277,Masculino,Africano,95.53322416952857,64.89187130147664,Velocista
73.61636025047635,53.24166352488442,2.1292080789741443,49.200353491508125,50.799646508491875,25.09466994084077,Femenino,Caucásico,73.61129769232852,66.3472146856177,Velocista
63.54880245394876,48.698569456323156,3.6484865159586914,44.822675431091156,55.177324568908844,24.180456156265247,Femenino,Caucásico,109.02524671270592,71.09699841956223,Velocista
73.61395605508415,50.96995964992718,4.018418379189551,43.078128065168364,56.921871934831636,25.685579660083196,Masculino,Caucásico,78.48264468447316,64.09818656928513,Velocista
85.38036566465969,55.95157025436914,5.676437312275283,67.8515510351256,32.148448964874405,24.905515405045907,Masculino,Africano,43.58855861266274,57.58742345381457,Fondista
69.64173960890048,41.81779316766527,4.326927373764162,53.59499855072265,46.40500144927735,26.148658145958006,Femenino,Latinoamericano,81.30012431656799,66.72573701202731,Velocista
85.64643655814007,70.9238727568546,3.7808994711911357,68.99067086115046,31.009329138849537,21.394294365318295,Masculino,Caucásico,75.71737577324167,78.99881934895215,Fondista
43.80254895910255,39.93982618500298,4.829405581183489,42.614253631957695,57.385746368042305,26.952182196902978,Masculino,Africano,89.34629131124119,58.67366253617426,Velocista
78.21902504375224,37.85811387212268,1.7888646909921149,52.61161351322441,47.38838648677559,23.5927988140772,Masculino,Latinoamericano,80.09772026904938,50.254706953293585,Velocista
70.87047068238171,61.581108735000676,4.235614558108566,61.57965169501349,38.42034830498651,29.225782617875797,Masculino,Caucásico,67.92316024024339,71.07080669286972,Fondista
67.00992649534132,57.91662693962936,4.770865193886967,71.62892659355855,28.371073406441454,20.932436545731296,Femenino,Asiático,51.635526455659516,58.796188360464015,Fondista
70.91760776535503,56.24119817052155,2.5214137542201582,52.7501001172828,47.2498998827172,28.207891409495748,Femenino,Latinoamericano,66.86465114070963,38.27330453985964,Velocista
50.124310853991076,56.2834550926428,5.143754043206929,65.03565505748037,34.96434494251963,23.593732350387942,Masculino,Caucásico,57.2421931868605,68.47421677150422,Fondista
67.80328112162488,49.87753227153085,4.338496407494414,75.43910992944748,24.560890070552517,21.045745989156654,Masculino,Latinoamericano,61.29214825292916,54.64671814046077,Velocista
73.57112571511746,41.02745628514168,3.5847120860991986,64.63452752729218,35.36547247270782,21.548342497837034,Masculino,Latinoamericano,78.82867606630914,59.094667176958396,Velocista
84.77894044741517,50.75804558193726,4.632781866106285,49.31837899014535,50.68162100985465,22.03895807541704,Masculino,Latinoamericano,95.0485675652711,63.319803305690144,Velocista
64.81729781726352,43.22838288487888,6.270692857804396,40.97603126226152,59.02396873773848,24.272497839205748,Femenino,Latinoamericano,75.92007294734472,61.904996797790666,Velocista
61.91506397106812,59.75119733417751,4.1818662550584955,74.80395495603719,25.196045043962812,24.5685064641065,Femenino,Latinoamericano,52.06175406947224,67.09451817139039,Fondista
64.98242956415463,48.52942618497861,4.248220586300336,40.850776434015486,59.149223565984514,21.278899988184264,Masculino,Latinoamericano,76.66904002330212,55.645136294301565,Velocista
79.15402117702074,41.745028032074885,3.5406391004597557,74.98806690736798,25.01193309263202,22.92693622321705,Masculino,Caucásico,87.94947229968477,65.13105798176083,Velocista
73.28751109659684,46.78614158347007,3.1501556305352083,61.157485361088476,38.842514638911524,29.42681107583559,Masculino,Asiático,60.85325643520927,57.40453322416083,Velocista
64.70239796232961,54.12931454275624,4.830335816544245,77.56270794051585,22.43729205948415,28.182629510302135,Femenino,Africano,67.98974249990623,67.38810480887503,Velocista
75.13267433113356,44.36275447196025,3.1439161740911326,71.95132943094661,28.048670569053385,24.308971009022095,Masculino,Latinoamericano,70.22032292093796,66.15367484013053,Velocista
70.9707754934804,41.77779604433569,4.071566237219392,79.9173644213335,20.082635578666498,23.1140104345046,Femenino,Africano,58.2265253037664,50.645612979554045,Velocista
79.68644990532889,52.436872114919126,3.5223425532348833,54.028472618068406,45.971527381931594,23.360093980154783,Masculino,Caucásico,79.72420650765788,70.85982116175032,Velocista
62.979469061226474,52.44966571108723,4.478979825746392,70.68753155724508,29.31246844275492,24.84055391819125,Femenino,Latinoamericano,68.18577777088328,54.64036554885952,Velocista
66.72337853402232,44.9305682462887,4.333662105286948,56.07723654436968,43.92276345563032,19.931622304404783,Masculino,Asiático,76.29298665860541,68.08057798281145,Velocista
66.07891846867842,45.289616943816775,5.037539944257899,59.195024812156355,40.804975187843645,22.227870387729965,Femenino,Africano,56.6876173329685,63.67287313401341,Velocista
55.364850518678814,52.32049937357636,3.489983601145253,65.1002185287348,34.8997814712652,17.99424777836723,Masculino,Latinoamericano,63.438125495148846,78.38183676795123,Velocista
72.96120277064576,35.51915658502676,3.7301250647066286,74.94708456745354,25.052915432546456,24.197669367815838,Masculino,Caucásico,80.83572036741657,57.76534017628148,Velocista
72.6105527217989,35.92536225623445,3.0212362842176925,79.36333876797181,20.63666123202819,24.94158781910822,Masculino,Asiático,64.40750271862349,56.506832038818025,Velocista
70.05113456642461,42.81555778747564,3.555706739923888,70.73093655458072,29.269063445419278,21.550440613101877,Femenino,Africano,95.90445776850108,59.805803941122676,Velocista
67.65412866624852,47.86552848288153,4.377300493044852,56.710671286693355,43.289328713306645,27.721960289870097,Masculino,Africano,64.00545721578096,56.968202171657246,Velocista
55.84629257949586,53.10907565598005,4.756988616645351,56.854280091082806,43.145719908917194,19.322703010992974,Femenino,Latinoamericano,73.37027088627829,67.9994190194205,Velocista
65.79354677234642,64.75356216949552,3.0778346758223747,69.50329206355566,30.496707936444338,18.60687535937054,Femenino,Asiático,83.98886247809635,43.83689391563412,Fondista
66.57285483473231,58.576596232020194,4.86960592010566,49.55108583073209,50.44891416926791,23.673355455679918,Masculino,Asiático,48.724514006004526,49.46317580853646,Velocista
61.97722730778381,48.40061470036573,5.3556378588049505,44.41896452525579,55.58103547474421,26.141294907836464,Masculino,Asiático,43.587867820288366,49.32197078420807,Velocista
68.3871428833399,49.80983792097311,4.413434903223701,54.18488630563106,45.81511369436894,28.051783074373606,Masculino,Asiático,47.11515528144858,69.50307591973575,Velocista
74.04050856814538,39.97470635362191,5.876795812558066,51.489559666163274,48.510440333836726,21.62334721139318,Femenino,Caucásico,88.93876155140774,77.10613372581925,Velocista
88.8618590121053,49.8148686400761,3.226210800896427,51.8523248182396,48.1476751817604,26.236042500293888,Masculino,Asiático,61.7221278116133,58.955507814625285,Velocista
71.74577812831839,47.11341361079862,2.755345296688583,49.344310041996394,50.655689958003606,22.884474591497877,Femenino,Africano,108.37298928502378,58.311782768099896,Velocista
72.57550390722764,53.227185603380896,2.2212797510957216,41.68372758545448,58.31627241454552,22.48211810017754,Femenino,Africano,61.53628602013917,60.700521631131814,Velocista
69.25554084233833,41.727690564476774,5.496044311489183,40.714957389336554,59.285042610663446,25.650979812460015,Masculino,Caucásico,72.76826954795555,71.6187830260819,Velocista
50.812287847009586,55.193465142411725,4.654365656354058,79.50889558944127,20.491104410558734,24.95696863524026,Masculino,Africano,93.13164928851813,50.72646865809426,Fondista
69.73486124550783,65.32738913002578,3.9444153290895447,57.110925349434496,42.889074650565504,18.270823529047252,Masculino,Africano,100.09139332238684,62.38368982734785,Velocista
70.60230209941027,48.91239851543143,4.27996862631982,55.373065886387266,44.626934113612734,27.429621049177687,Masculino,Asiático,100.92255364954596,69.7519762978243,Velocista
94.63242112485287,54.01711722098941,2.8745109527016233,67.1858913077228,32.8141086922772,27.140274062442355,Masculino,Africano,88.12549345889714,65.01094169939846,Velocista
68.07639035218878,56.90143991711113,6.445751979616826,48.730155514602565,51.269844485397435,21.12331189547141,Masculino,Caucásico,85.36093788717193,61.89581616598743,Velocista
73.01547342333612,45.987795281141636,4.129221181975227,77.99844735800902,22.001552641990983,24.187410600312226,Femenino,Asiático,78.88790423801774,70.01046092567141,Velocista
69.65288230294756,52.24092481810417,4.109394794604893,71.45380057662209,28.546199423377914,24.482090558848217,Femenino,Latinoamericano,81.67541614249957,32.967677070007625,Velocista
58.31321962380468,50.12592400781795,4.725766623898692,43.57644009249038,56.42355990750962,23.782021297471722,Femenino,Asiático,61.732214255071995,66.77875319530908,Velocista
81.4282281451502,50.97676098548832,4.481009231736714,56.70323103139714,43.29676896860286,21.34908453846374,Masculino,Caucásico,57.72701674866539,53.45924316872576,Velocista
77.51933032686775,42.26990216144534,4.223884024279132,75.16473230248658,24.835267697513416,20.985129896185846,Femenino,Asiático,69.94938313883571,41.69367103143543,Velocista
77.91031947043047,50.245101742589426,3.209525544554688,77.7892808916564,22.210719108343596,22.923337787025662,Femenino,Asiático,67.44723066212607,65.11202599524981,Velocista
60.906125452052606,54.979982912454496,4.471468357135996,58.69606044999479,41.30393955000521,26.518187057778093,Femenino,Caucásico,63.201579260090874,73.73658545162958,Velocista
84.02794310936099,64.51143607795042,5.882024496475034,64.53645556842831,35.46354443157169,24.630800463783295,Femenino,Asiático,80.44581171185072,58.62551485372308,Fondista
55.98148937207719,59.59270826085207,5.3454200461549775,46.68135784368301,53.31864215631699,21.888157003741682,Femenino,Caucásico,84.32957812855766,69.52874547202939,Velocista
75.8685709380027,71.53182457511556,5.5931866266393975,79.64674504547907,20.353254954520935,25.315096131945033,Masculino,Caucásico,71.32610329437772,76.12278257988646,Fondista
91.90455625809979,42.326524371119504,3.4887843235688147,49.26686805533774,50.73313194466226,14.454372138109774,Masculino,Latinoamericano,92.16295121582893,73.14914453584048,Velocista
60.09463674869312,58.723206367206785,3.010395179741419,77.70927096540503,22.290729034594975,26.44629710111631,Femenino,Africano,52.87466328799742,76.39964529371393,Fondista
64.33702270397228,51.83342005738352,3.874213079900352,65.98586595969473,34.014134040305265,17.7808586636657,Femenino,Africano,67.09510811080423,67.42127491071892,Velocista
70.99651365087641,71.89802933217672,4.055724912288695,64.30947179515437,35.690528204845634,21.912677175790602,Femenino,Asiático,59.247665190957925,60.754336389015926,Fondista
64.965243458838,41.91701714644849,5.094191518470948,60.50754044066034,39.49245955933966,19.640990316121567,Masculino,Asiático,42.0019507439041,43.980341881028316,Velocista
54.493365689338674,41.602781578192236,2.307535370285181,49.22679246871034,50.77320753128966,19.115955572837283,Masculino,Latinoamericano,68.7597897123595,57.53937511870051,Velocista
70.68562974806028,44.00607354555978,5.529550319460614,47.061121280220334,52.938878719779666,26.482480362135558,Femenino,Latinoamericano,68.17378737425075,51.567534046838084,Velocista
59.37696286273895,28.76104275690193,3.8419921014210106,48.819448362807016,51.180551637192984,21.596896396064327,Masculino,Latinoamericano,92.70174614863197,81.70942717497815,Velocista
74.73592430635182,44.74244978319239,3.57311893005258,47.45753048577018,52.54246951422982,24.039511645192146,Masculino,Caucásico,79.46217526832166,58.24114187567663,Velocista
60.80575765766197,42.40867338446302,2.9878956247398323,71.18337894267013,28.81662105732987,22.85923826336245,Femenino,Latinoamericano,54.63719763506192,61.23204806784486,Velocista
85.4993440501754,51.50393786476208,2.3451433281342307,54.005010366669204,45.994989633330796,24.431122481669366,Masculino,Latinoamericano,97.81138849501282,65.51485376040468,Velocista
62.16746707663763,53.41755975777159,4.823170583961915,42.313707062535855,57.686292937464145,23.230465673180767,Masculino,Asiático,88.31550543288029,60.436024463724536,Velocista
66.77938483794324,68.76170839215887,4.073317967188403,78.76410520563246,21.23589479436754,19.15102332743429,Femenino,Latinoamericano,78.73146555202923,76.95051040430752,Fondista
78.1351721736967,59.5042383818605,2.710039100258946,75.35143539853703,24.648564601462965,25.98880045834142,Masculino,Caucásico,66.60273851725252,53.77350638265548,Fondista
57.69135683566045,44.23096344337597,2.704921227936384,77.11009132780852,22.88990867219148,21.51873025051606,Masculino,Caucásico,55.6084114491478,61.94607455237243,Velocista
72.2745993460413,41.01585328651642,3.6642153007098717,79.7963129058574,20.203687094142595,18.330254304020748,Femenino,Asiático,64.4168983589342,52.57529414301952,Velocista
83.07142754282428,54.919191715065054,5.669021525289393,46.95580996877949,53.04419003122051,21.715654517102262,Masculino,Latinoamericano,86.33122929556279,46.79977488779294,Velocista
53.92516765438772,36.797667929793576,3.740408648636395,55.84968075610635,44.15031924389365,27.502279371902933,Masculino,Latinoamericano,98.26879458901914,53.882309090947146,Velocista
71.84633858532304,68.31458765854353,2.496857046881894,70.32953902816365,29.67046097183635,25.550665226340477,Femenino,Caucásico,93.14865292408284,59.62963202951588,Fondista
72.59882794248423,61.79440120721287,3.754256935914056,67.8408247221517,32.159175277848306,21.954043596776422,Femenino,Latinoamericano,62.667258673205886,55.7069777548274,Fondista
77.81822871777311,45.30824347895295,3.7272764302523296,46.1558362535942,53.8441637464058,21.952226887044713,Femenino,Latinoamericano,53.205738500664836,53.07579020126144,Velocista
57.63049289121918,32.868654709091224,1.3031133570584283,72.6333249996247,27.366675000375295,22.035094846347853,Masculino,Latinoamericano,72.11329370366806,45.93682536328166,Velocista
56.795433869157236,63.538723741654124,3.9457051334821878,48.97762287346643,51.02237712653357,29.23024395068252,Femenino,Africano,43.473409516557226,59.16894427371305,Velocista
75.21941565616898,48.85460154747382,3.769065469791322,48.95270459290492,51.04729540709508,24.14580635669466,Masculino,Asiático,74.84751571277172,44.952796259689975,Velocista
72.96984673233186,62.378163119734616,4.696206364813419,61.47897691573654,38.52102308426346,24.290124941573207,Femenino,Africano,67.78596120551997,67.60055963689602,Fondista
72.50492850345877,34.05572341205633,5.848956094945345,63.71759739366813,36.28240260633187,26.090850362095527,Masculino,Asiático,63.00945247197637,60.824397529345035,Velocista
73.46448209496975,44.00624977046227,5.126565029547757,63.203448313512446,36.796551686487554,23.71636747707954,Femenino,Caucásico,46.07945399099807,45.4244850053507,Velocista
63.19975278421509,50.05243699718183,3.7311113094451693,43.65947349591019,56.34052650408981,22.22287356253789,Femenino,Latinoamericano,77.70400159854574,56.907909229501364,Velocista
72.32253697161003,50.46980593764742,2.8934740912583297,75.09843450521521,24.90156549478479,22.410950452745066,Femenino,Asiático,62.009487405071326,52.478435944094166,Velocista
72.93072473298682,45.49934528520756,6.57335980324986,50.624001703548245,49.375998296451755,22.785196221757808,Femenino,Africano,52.451247464345684,63.1917451041918,Velocista
62.85648581973632,56.228499323474985,4.059218434014488,45.18059685131217,54.81940314868783,22.888333290470474,Masculino,Latinoamericano,26.916066800775262,73.40450446023145,Velocista
88.65774511144757,39.32379570617405,4.013929291912946,75.54992319475909,24.45007680524091,25.182888630910938,Femenino,Caucásico,69.58727642424046,41.248275303542556,Velocista
74.73832920911788,48.576205149787064,3.9758749128899966,78.22605992919014,21.773940070809857,23.1558376574219,Femenino,Asiático,96.58377395004617,61.150260791474174,Velocista
58.08696502797351,51.20295631711899,4.198084760767855,74.48510469061802,25.514895309381984,25.197920231646737,Masculino,Asiático,94.91888821821806,58.398672044333594,Velocista
76.5655360863383,55.14438834058749,3.8556395880760577,72.38064298899512,27.61935701100488,22.757850259674253,Femenino,Asiático,63.14355615120592,66.71340076450466,Fondista
60.253183297726785,57.1161487808889,3.4263379931197635,66.20967922556088,33.790320774439124,23.235905570948272,Masculino,Latinoamericano,60.966819094573296,62.131966282376894,Fondista
77.87084603742451,38.75357908162131,3.453141058759608,62.034294824365574,37.965705175634426,17.005397946403676,Femenino,Africano,77.03161384112536,52.48030668261181,Velocista
81.58595579007404,34.65885829264378,3.9672467297840015,43.479470396456406,56.520529603543594,25.748983024107446,Femenino,Africano,55.02421841217563,56.80946064333382,Velocista
61.7931768164829,62.77676821898509,3.4565752288662352,56.338128522827944,43.661871477172056,24.03946542769398,Femenino,Asiático,74.52687849729199,52.03974143196511,Velocista
79.63376129244321,53.323140119795916,3.2871542173228354,54.90754068049256,45.09245931950744,25.994030329578955,Masculino,Caucásico,81.49120417577035,70.76007138598598,Velocista
74.12780926936499,42.51513463443446,4.106430227691897,50.39015135041305,49.60984864958695,14.311233865418933,Femenino,Caucásico,88.40399835826462,60.21311648671942,Velocista
78.2206015999449,65.51151975522524,3.7450227825791447,68.9368045475434,31.063195452456597,29.265124114342182,Femenino,Africano,68.4976888528007,79.01190685753008,Fondista
88.96792982653947,51.156746342928585,5.503992988582689,59.835029403150834,40.164970596849166,22.58123111553448,Femenino,Caucásico,66.94489374734552,59.39339186185379,Velocista
67.5461188399713,61.792971840638266,1.349030191606988,43.24184863630592,56.75815136369408,26.32454845021255,Masculino,Africano,56.830261198651584,52.91593233089537,Velocista
62.4626383564251,50.67518481410109,5.091506851922462,48.80732807799245,51.19267192200755,19.880282218623407,Masculino,Asiático,57.5967946894021,44.862856073871725,Velocista
61.10485570374477,70.60747924881987,5.246085192497629,67.33035054638384,32.66964945361616,24.83832171518771,Femenino,Africano,66.6028166214771,41.96860323744055,Fondista
61.841897150345616,67.55340842443204,1.9266097675918505,43.045234379612005,56.954765620387995,19.839753310479033,Masculino,Africano,75.51048260224267,44.158640569945106,Velocista
69.22898290585896,47.51035851520926,3.6573124059196513,74.04827656195076,25.951723438049243,21.128693117912583,Femenino,Asiático,83.70376939349875,62.67126651011483,Velocista
73.41151974816644,59.71570950954356,3.6285591340042087,59.80586108055897,40.19413891944103,28.74209406160036,Femenino,Caucásico,57.95231573979483,65.08725023229934,Velocista
72.7669079933002,56.45375949585147,2.5924883052821786,59.22346309306592,40.77653690693408,22.42795279770996,Femenino,Africano,92.39032853439282,44.188092979678665,Velocista
78.27183249036024,63.68631557532349,3.2221833124091246,63.6963113863807,36.3036886136193,23.65229861953917,Femenino,Africano,65.93314598436147,68.95038314076115,Fondista
70.13001891877907,40.35076539419896,2.8894241545341712,72.98723863700596,27.01276136299404,25.610203192066262,Femenino,Asiático,69.67949058477346,55.1693894831656,Velocista
84.53534077157317,56.86051459998439,5.7522704434236225,53.91236831608772,46.08763168391228,24.487045663917815,Femenino,Caucásico,58.79182481278265,61.467930119855495,Velocista
67.35343166762044,60.58424486849588,4.9356783931474615,67.12064610236254,32.87935389763746,23.45125671543073,Femenino,Africano,33.63639609590587,76.12220628255425,Fondista
97.20169166589619,32.41260513576886,5.2715550949941585,62.62927855983165,37.37072144016835,24.094883007398675,Masculino,Asiático,83.26068094541574,68.96839315865532,Velocista
76.25667347765007,38.16741487334225,4.7216720640432355,50.68113080677685,49.31886919322315,30.210246755714827,Masculino,Africano,81.0526584563865,57.314693520941674,Velocista
61.42842443583717,29.607678222398995,2.870948228782771,75.14519945420632,24.85480054579368,22.827143608899245,Masculino,Latinoamericano,65.7800866432268,51.08807774584713,Velocista
59.29107501938888,47.305931655554424,3.4754797337202263,71.89704086427713,28.10295913572287,23.603297140144903,Masculino,Asiático,71.00486075837308,38.48184598670695,Velocista
74.82472415243186,57.17542255795962,4.489374561227918,66.33807338633702,33.661926613662985,26.151963188022837,Masculino,Caucásico,77.73908826556149,52.8084668075758,Fondista
67.7653721467415,65.02357052096028,2.7778721911080546,74.02326916376967,25.97673083623033,26.31657779887395,Masculino,Caucásico,46.56181214670186,57.88869761172305,Fondista
77.14000494092092,50.74094780419775,4.712998430172388,74.6917680383921,25.308231961607902,26.56109091668114,Masculino,Caucásico,62.06420983980558,50.12820472848816,Velocista
74.73237624573545,66.28615545571292,3.7596746018418647,68.3345190686014,31.665480931398605,24.916190666087555,Femenino,Caucásico,81.9139701943274,58.68743032907695,Fondista
69.27171087343127,36.198985417851084,3.6251791924504024,73.48053313454687,26.519466865453126,19.57098526180855,Femenino,Africano,51.18565865246126,60.768518829587684,Velocista
61.532062819315954,32.96617560644845,4.7109599682034915,67.89885846677134,32.101141533228656,27.900294596903287,Femenino,Africano,74.40336898249944,57.751440181919214,Velocista
54.851527753141355,49.44452301103381,4.44426331148604,67.20563087041202,32.79436912958798,19.560963820943936,Femenino,Caucásico,49.65127293064893,53.4999741917654,Velocista
65.53485047932979,53.840654489393074,3.6390338341809203,64.74445512860737,35.25554487139263,23.9079063957171,Masculino,Caucásico,76.9964497365029,61.68654671966728,Velocista
78.56398794323472,49.67305251905907,5.159329803364248,70.10866558230565,29.891334417694353,20.737172449941927,Masculino,Caucásico,69.46537776553775,64.41940649569409,Velocista
72.14093744130204,29.325578999601234,2.9189366724001027,46.344204211722946,53.655795788277054,22.80758496022102,Femenino,Africano,45.77302276141736,49.096009225571535,Velocista
57.542612212880115,49.10879960487212,4.615935606944264,75.23483036795713,24.76516963204287,23.986287230910442,Femenino,Caucásico,87.47109031685757,74.10932379746271,Velocista
71.73180925851182,36.95530499495147,4.593101257968383,74.87374110980929,25.126258890190712,23.96407164635082,Masculino,Caucásico,58.981126348029264,59.014118677157384,Velocista
73.85317379728836,56.69672548830039,3.69045356068601,41.169891321382366,58.830108678617634,24.265762262705856,Femenino,Latinoamericano,57.84621344478428,60.188496229448475,Velocista
61.16142563798867,53.66598246096848,4.326133022242118,73.03267002259051,26.96732997740949,27.841133807175943,Femenino,Latinoamericano,73.00853795846415,67.08214423256557,Velocista
71.53725105945527,40.60120213672645,2.748886423614697,45.154794698937806,54.845205301062194,24.36060290454194,Femenino,Caucásico,87.22956024143073,62.332161312635016,Velocista
70.58208718446,44.861330826633065,4.924027019206901,53.40475417036568,46.59524582963432,22.267530094128055,Femenino,Asiático,54.762672715324044,69.53136633913245,Velocista
58.57029702169377,39.40786478111048,3.815097863557011,69.74033025166432,30.259669748335682,25.892261504865072,Masculino,Caucásico,70.92519774771958,62.87124165201824,Velocista
73.57787360348283,49.37320902726828,3.4772769794809606,46.43039584193233,53.56960415806767,26.568411466773924,Femenino,Latinoamericano,76.4322475049586,53.87562625359562,Velocista
75.60784526368235,59.551423205012384,5.0490092258368895,72.71868096476248,27.281319035237516,19.31717655458902,Femenino,Asiático,80.39658410894717,63.61503525206102,Fondista
80.83051243175277,40.14273953664456,3.295656309457241,73.28536711830968,26.71463288169032,24.792200209549573,Masculino,Asiático,72.64662332915837,48.56273792679338,Velocista
80.53802052034902,55.040465155178445,2.5915387036364406,60.29870935043345,39.70129064956655,25.103518226932696,Masculino,Caucásico,64.49458241375017,61.085597057765234,Fondista
56.22330632042909,44.69742381627559,2.4433708264760963,40.25543486867334,59.74456513132666,22.107309489920024,Femenino,Latinoamericano,57.5861466902692,59.66770009355539,Velocista
60.62174960084877,42.07127167737656,4.60600995134564,51.48152532699651,48.51847467300349,27.127120439934856,Masculino,Latinoamericano,71.29215824569562,57.918831427274604,Velocista
75.1503526720866,48.929696400454425,2.719570647503717,64.67707673502969,35.32292326497031,22.54983323890242,Femenino,Asiático,53.9179148202159,58.71462488561069,Velocista
75.1378595091221,39.64757677580626,5.754794181984365,79.24744712109694,20.75255287890306,23.376729360414625,Femenino,Caucásico,26.17974274758089,41.18150954502361,Velocista
75.15047686306048,44.46350694652818,1.918070592116278,65.27254108066674,34.72745891933326,22.48078452714839,Masculino,Africano,76.54839706236501,54.512750922590385,Velocista
108.52731490654722,38.021221074111516,5.696456368290038,50.39214324256639,49.60785675743361,23.0467371427444,Femenino,Africano,83.55902261629294,60.928449011411146,Velocista
75.70890510693167,69.6472513291639,4.211017467202619,65.36022812398446,34.639771876015544,19.711174739314394,Femenino,Latinoamericano,34.55601346687242,61.598563919974005,Fondista
81.35565640180599,50.35263551971729,3.9032868881296077,61.59941518863422,38.40058481136578,18.679847352217116,Femenino,Africano,54.854039429350934,49.72324859074042,Velocista
79.54001763493203,43.00274492007414,3.4550809131910505,71.19381580604575,28.806184193954252,27.783515189674915,Femenino,Latinoamericano,79.28731391507796,72.65707840864701,Velocista
76.51391251305797,52.13979910734222,4.399136114352071,44.279225553078334,55.720774446921666,20.459115955045018,Masculino,Latinoamericano,100.86243204567548,51.33825151785499,Velocista
66.84730755359655,48.8767195030917,3.9623652975751518,70.44111610008112,29.558883899918882,20.025822951631078,Masculino,Latinoamericano,70.31190561513112,69.69457200526736,Velocista
77.58969220493267,47.79030400466777,5.103301882016521,61.65066314704441,38.34933685295559,16.539829659188854,Femenino,Africano,59.07995588156298,64.27194361871685,Velocista
62.27174785462428,56.14166700043425,4.114227648662039,78.51968015435978,21.480319845640224,21.083114756931494,Masculino,Latinoamericano,67.2565533834274,53.53772690156197,Fondista
67.63181393259991,57.57507710047305,4.150301761461877,53.674886641547445,46.325113358452555,19.030730619777504,Femenino,Asiático,90.62314628722277,77.75310892609512,Velocista
65.14636452170896,44.69498852389472,3.636387787786144,65.30487572535793,34.69512427464207,27.92604548040911,Femenino,Caucásico,60.310537313131974,48.0636316824352,Velocista
70.81874139386322,44.2418175935532,3.9430543762789325,77.2811242204007,22.7188757795993,26.029451268027902,Femenino,Caucásico,58.0121199002462,69.19154173610002,Velocista
93.14658566673509,47.24948302848356,4.307801768892059,44.10038911962717,55.89961088037283,20.93554896446683,Femenino,Latinoamericano,62.758847167269515,70.00582318042979,Velocista
51.32734807408252,26.98078835264415,2.289831607343374,77.48913948945804,22.51086051054196,29.757307416032926,Femenino,Caucásico,55.70007087611931,53.293797909233554,Velocista
76.86260190374513,34.84808937801448,2.651814577894287,67.51542889203253,32.48457110796747,25.94529646097478,Masculino,Africano,71.84005473992194,73.92465300064329,Velocista
53.87284128810349,63.66874267444525,4.743264094022715,42.713482364206875,57.286517635793125,22.025505849474133,Femenino,Africano,94.3701768770434,57.49953485401047,Velocista
65.28068134210567,66.44967713501283,4.170865438127942,52.03854267787265,47.96145732212735,15.50178285537928,Masculino,Caucásico,74.84618909674043,62.88693629279857,Velocista
80.88950596967366,47.50963960443622,3.816016663647321,68.32688354581126,31.673116454188744,29.872827717772225,Masculino,Africano,66.21469746810568,62.603218387712204,Velocista
70.64280019095463,55.765569630557664,4.018433933065393,42.69402405875087,57.30597594124913,18.831282599709212,Femenino,Caucásico,65.62283096626683,58.65691258529452,Velocista
59.22255222070694,53.112501545435364,4.347581705361671,63.28681840705093,36.71318159294907,18.063803759129325,Femenino,Caucásico,46.552137869550144,68.10808273159782,Velocista
62.84696290740032,80.78880808455239,3.4602403196906386,53.83532227811827,46.16467772188173,26.06771129602892,Femenino,Caucásico,83.24664665720738,67.93488720552213,Velocista
76.79597748934675,61.195749114345766,3.2216952745976872,64.83662071069908,35.16337928930092,30.319257219017818,Femenino,Latinoamericano,68.83244204480798,42.51468026761819,Fondista
62.69633368282864,48.72082408519233,4.195845255097682,41.829681352500515,58.170318647499485,27.152818455531555,Femenino,Caucásico,67.29280129614061,73.04340242878152,Velocista
72.16458589581976,40.44459559399574,3.021627222384968,74.86147224609505,25.138527753904953,24.691727360157078,Masculino,Latinoamericano,117.8966135176729,43.37508011964326,Velocista
70.45571839903813,33.93553679742428,4.4082527557144715,78.93955876709587,21.060441232904125,24.78426302499586,Femenino,Caucásico,74.48129362548529,70.32546204341658,Velocista
63.483996523941826,52.03463635867223,2.2974163957621596,78.75511421142767,21.244885788572333,25.560246676340924,Femenino,Caucásico,58.72313424857224,71.26705136827583,Velocista
91.43944089325325,42.436492547156966,5.029155637325644,69.986073269717,30.013926730283004,25.276785769360295,Masculino,Caucásico,63.60463605691685,49.09033569784802,Velocista
76.33919022318011,35.77746290402326,4.472597482413043,45.20344960522528,54.79655039477472,23.84357427190813,Masculino,Africano,87.22668563795132,55.891857120454155,Velocista
49.74857413342393,43.534271157574736,4.256029734313875,70.3305278371609,29.6694721628391,23.31260331185563,Femenino,Latinoamericano,71.69905615806647,48.94295331514064,Velocista
71.86454314769428,39.18451996385605,4.982690983945514,40.98347665835206,59.01652334164794,22.81222061630143,Masculino,Latinoamericano,48.4258303252395,57.850789697112646,Velocista
63.38213535231612,66.87141635072564,5.665474444462577,40.88494206115989,59.11505793884011,20.73810623339997,Femenino,Caucásico,83.78843401862805,56.919657158142584,Velocista
78.52433334796224,58.816397569494505,5.014370065018131,52.94440876598165,47.05559123401835,22.15797476939968,Masculino,Caucásico,59.97783871691509,67.7966053226934,Velocista
62.07479261567299,49.92027358683383,2.1591257686683547,59.54572761618663,40.45427238381337,17.921129557413842,Masculino,Africano,98.09946664326318,73.10308746119608,Velocista
68.85263558533102,64.79944138890026,2.7204230332642982,70.81629671231173,29.183703287688274,22.704981119615752,Femenino,Africano,86.20072098571973,73.95683810789956,Fondista
75.04987278980457,50.77368307647618,3.3751814223043213,67.33181506426021,32.66818493573979,20.03422667854725,Masculino,Africano,63.29017156511873,54.37831973421698,Velocista
78.65755194170121,41.38715798671736,4.026091050210834,57.83610825506993,42.16389174493007,19.689232048352686,Masculino,Latinoamericano,89.2152454260267,57.90778126255472,Velocista
57.997035929442234,65.23124077269657,4.517659020469123,50.945066651266636,49.054933348733364,23.539682453460436,Masculino,Latinoamericano,71.01783265791104,43.1656180777905,Velocista
66.65498764159051,55.38910043684659,3.2742561868465345,79.88498000630844,20.11501999369156,27.176006859033798,Masculino,Latinoamericano,82.79160512683329,51.94129933503811,Fondista
65.25054688839043,39.62753845673544,4.1867667644770785,57.04725208943891,42.95274791056109,25.75494981800694,Masculino,Caucásico,77.27099225941713,69.64851633097457,Velocista
63.46670767426288,48.09661321916392,3.2446170676466775,58.05548097318702,41.94451902681298,18.28849818913047,Masculino,Latinoamericano,57.3046501751369,76.15582823548232,Velocista
87.65454240281096,41.24381746615243,3.388482197008052,46.544952847666764,53.455047152333236,20.031115590288987,Femenino,Asiático,60.346752515238066,47.65651128120078,Velocista
74.04981710960955,36.172002690356635,2.5933389031517775,71.79238194999718,28.20761805000282,25.82231356396465,Femenino,Asiático,85.44941226371742,54.075357408471056,Velocista
